3668090,31.44,31.55,32.34,31.33,31.77,31.10,32.11,32.56,31.33,32.11
3669876,31.55,31.55,32.22,31.33,31.77,31.10,32.00,32.56,31.44,32.11
3671662,31.44,31.55,32.11,31.33,31.66,31.10,32.00,32.56,31.44,32.11
3673448,31.44,31.55,32.22,31.33,31.66,31.10,32.00,32.56,31.33,32.11
3675234,31.33,31.55,32.11,31.33,31.66,31.10,32.00,32.56,31.33,32.00
3677020,31.33,31.55,32.11,31.33,31.66,31.10,32.00,32.56,31.33,32.11
3678806,31.33,31.55,32.11,31.33,31.55,31.10,31.89,32.56,31.33,32.00
3680592,31.33,31.44,32.00,31.33,31.66,31.10,31.89,32.45,31.33,32.00
3682378,31.33,31.44,32.11,31.33,31.55,31.10,31.89,32.45,31.33,32.00
3684164,31.33,31.55,32.00,31.21,31.55,31.10,31.89,32.45,31.33,32.00
3685950,31.33,31.55,32.11,31.21,31.55,30.99,31.89,32.45,31.21,31.89
3687736,31.33,31.44,32.00,31.21,31.55,30.99,31.89,32.45,31.21,32.00
3689522,31.33,31.44,32.00,31.21,31.55,30.99,31.89,32.45,31.33,32.00
3691308,31.21,31.55,32.00,31.33,31.44,30.99,31.89,32.45,31.21,31.89
3693094,31.21,31.44,32.00,31.21,31.44,30.99,31.89,32.45,31.21,31.89
3694880,31.21,31.55,32.00,31.21,31.44,30.99,31.89,32.45,31.21,31.89
3696666,31.21,31.55,32.00,31.33,31.55,30.99,31.89,32.45,31.21,31.89
3698452,31.21,31.44,32.00,31.33,31.44,30.99,31.77,32.45,31.21,31.89
3700238,31.21,31.44,32.00,31.33,31.44,30.99,31.89,32.45,31.21,31.89
3702024,31.21,31.55,32.00,31.21,31.44,30.99,31.89,32.45,31.21,32.00
3703810,31.21,31.44,31.89,31.21,31.44,30.99,31.89,32.45,31.21,32.00
3705596,31.21,31.55,32.00,31.21,31.44,30.99,31.89,32.45,31.21,31.89
3707382,31.21,31.44,31.89,31.21,31.44,30.99,31.89,32.45,31.21,32.00
3709168,31.21,31.55,31.89,31.21,31.44,30.99,31.77,32.45,31.21,31.89
3710954,31.21,31.55,31.89,31.33,31.44,30.99,31.77,32.34,31.21,31.89
3712740,31.21,31.44,31.89,31.33,31.44,30.99,31.77,32.45,31.21,31.89
3714526,31.21,31.55,32.00,31.33,31.44,30.99,31.77,32.45,31.21,31.89
3716312,31.21,31.55,32.00,31.33,31.44,30.99,31.77,32.45,31.21,31.89
3718098,31.21,31.55,32.00,31.33,31.44,30.99,31.89,32.45,31.21,31.89
3719884,31.21,31.55,32.00,31.33,31.44,30.99,31.77,32.45,31.21,31.89
3721670,31.21,31.55,32.00,31.33,31.44,30.99,31.89,32.34,31.21,31.89
3723456,31.21,31.44,31.89,31.21,31.44,30.99,31.77,32.34,31.21,31.89
3725242,31.21,31.44,32.00,31.33,31.44,30.99,31.77,32.34,31.21,31.89
3727028,31.21,31.44,31.89,31.33,31.44,30.99,31.77,32.45,31.21,31.89
3728814,31.21,31.44,31.89,31.33,31.33,30.99,31.77,32.34,31.21,31.89
3730600,31.21,31.55,31.89,31.33,31.44,30.99,31.89,32.34,31.21,31.89
3732386,31.21,31.55,32.00,31.21,31.44,30.99,31.77,32.34,31.21,31.89
3734172,31.21,31.44,31.89,31.21,31.44,30.99,31.77,32.34,31.21,31.89
3735958,31.21,31.55,32.00,31.33,31.44,30.99,31.77,32.34,31.21,31.89
3737744,31.21,31.44,32.00,31.33,31.33,30.99,31.77,32.34,31.21,31.89
3739530,31.21,31.44,31.89,31.33,31.44,30.99,31.77,32.45,31.21,31.89
3741316,31.21,31.55,31.89,31.33,31.33,30.99,31.77,32.45,31.21,31.89
3743102,31.21,31.44,31.89,31.33,31.44,30.99,31.77,32.34,31.21,31.89
3744888,31.21,31.55,31.89,31.21,31.44,30.99,31.89,32.34,31.10,31.89
3746674,31.21,31.44,31.89,31.21,31.44,30.99,31.77,32.34,31.21,31.89
3748460,31.21,31.44,31.89,31.33,31.33,30.99,31.77,32.34,31.21,31.89
3750246,31.21,31.44,31.89,31.33,31.44,30.99,31.89,32.34,31.21,31.89
3752032,31.21,31.44,31.89,31.33,31.44,30.99,31.77,32.34,31.21,31.89
3753818,31.21,31.44,31.89,31.21,31.44,30.99,31.89,32.45,31.21,31.89
3755604,31.21,31.55,31.89,31.33,31.44,30.99,31.77,32.34,31.21,31.89
3757390,31.21,31.44,31.89,31.21,31.44,30.99,31.77,32.34,31.21,31.89
3759176,31.21,31.44,31.89,31.33,31.44,30.99,31.77,32.34,31.21,31.89
3760962,31.21,31.44,31.89,31.21,31.44,30.99,31.77,32.34,31.21,31.89
3762748,31.21,31.55,31.89,31.33,31.44,30.99,31.89,32.34,31.21,31.89
3764534,31.21,31.44,31.89,31.33,31.44,30.99,31.89,32.34,31.21,31.89
3766320,31.21,31.55,31.89,31.21,31.33,30.99,31.77,32.34,31.21,31.89
3768106,31.21,31.44,31.89,31.21,31.44,30.99,31.77,32.34,31.21,31.89
3769892,31.21,31.55,31.89,31.33,31.33,30.99,31.77,32.34,31.21,31.89
3771678,31.21,31.44,31.89,31.21,31.44,30.99,31.77,32.34,31.21,31.89
3773464,31.21,31.44,32.00,31.33,31.44,30.99,31.77,32.34,31.21,31.89
3775250,31.21,31.44,31.89,31.21,31.44,30.99,31.77,32.34,31.21,31.89
3777036,31.21,31.44,31.89,31.33,31.44,30.99,31.77,32.45,31.21,31.89
3778822,31.21,31.55,31.89,31.33,31.44,30.99,31.77,32.34,31.21,31.89
3780608,31.21,31.44,31.89,31.33,31.44,30.99,31.77,32.34,31.21,31.89
3782394,31.21,31.55,31.89,31.21,31.33,30.99,31.77,32.34,31.21,31.89
3784180,31.21,31.55,31.89,31.21,31.44,30.99,31.77,32.34,31.21,31.89
3785966,31.21,31.44,32.00,31.21,31.33,30.99,31.77,32.45,31.21,31.89
3787752,31.21,31.55,31.89,31.33,31.44,30.99,31.77,32.34,31.21,31.89
3789538,31.21,31.44,31.89,31.33,31.44,30.99,31.77,32.34,31.21,31.89
3791324,31.21,31.44,31.89,31.21,31.33,30.99,31.77,32.45,31.21,31.89
3793110,31.21,31.44,31.89,31.21,31.44,30.99,31.77,32.34,31.21,31.89
3794896,31.21,31.44,31.89,31.33,31.44,30.99,31.89,32.34,31.21,31.89
3796682,31.21,31.44,31.89,31.21,31.44,30.99,31.77,32.34,31.21,31.89
3798468,31.21,31.44,31.89,31.21,31.44,30.99,31.77,32.34,31.21,31.89
3800254,31.21,31.44,31.89,31.33,31.44,30.99,31.77,32.34,31.21,31.89
3802040,31.21,31.44,31.89,31.21,31.44,30.99,31.77,32.34,31.21,31.89
3803826,31.21,31.44,31.89,31.33,31.33,30.99,31.77,32.45,31.21,31.89
3805612,31.21,31.44,32.00,31.33,31.44,30.99,31.89,32.34,31.21,31.89
3807398,31.21,31.55,31.89,31.21,31.44,30.99,31.77,32.45,31.21,31.89
3809184,31.21,31.44,31.89,31.21,31.44,30.99,31.77,32.34,31.21,31.89
3810970,31.21,31.44,31.89,31.21,31.44,30.99,31.77,32.45,31.21,31.89
3812756,31.21,31.44,31.89,31.21,31.33,30.99,31.77,32.45,31.21,31.89
3814542,31.21,31.55,31.89,31.33,31.33,30.99,31.77,32.34,31.21,31.89
3816328,31.21,31.44,31.89,31.33,31.44,30.99,31.89,32.34,31.21,31.89
3818114,31.21,31.44,31.89,31.21,31.44,30.99,31.77,32.45,31.21,31.89
3819900,31.21,31.44,31.89,31.21,31.44,30.99,31.77,32.34,31.21,31.89
3821686,31.21,31.44,31.89,31.21,31.33,30.99,31.77,32.34,31.21,31.89
3823472,31.21,31.44,31.89,31.21,31.33,30.99,31.77,32.45,31.21,31.89
3825258,31.21,31.55,31.89,31.33,31.33,30.99,31.77,32.34,31.21,31.89
3827044,31.21,31.44,31.89,31.33,31.44,30.99,31.77,32.34,31.21,31.89
3828830,31.21,31.44,31.89,31.21,31.44,30.99,31.77,32.34,31.21,31.89
3830616,31.21,31.55,31.89,31.21,31.44,30.99,31.89,32.45,31.21,31.89
3832402,31.21,31.55,31.89,31.21,31.44,30.99,31.77,32.34,31.21,31.89
3834188,31.21,31.55,31.89,31.33,31.44,30.99,31.89,32.34,31.21,31.89
3835974,31.21,31.44,31.89,31.21,31.44,30.99,31.77,32.34,31.21,31.89
3837760,31.21,31.55,31.89,31.33,31.33,30.99,31.77,32.34,31.21,31.89
3839546,31.21,31.44,31.89,31.33,31.44,30.99,31.77,32.34,31.21,31.89
3841332,31.21,31.44,31.89,31.33,31.44,30.99,31.77,32.45,31.21,31.89
3843118,31.21,31.44,31.89,31.33,31.44,30.99,31.77,32.45,31.21,31.89
3844904,31.21,31.44,31.89,31.33,31.44,30.99,31.77,32.34,31.21,31.89
3846690,31.21,31.44,31.89,31.33,31.44,30.99,31.77,32.34,31.21,31.89
3848476,31.21,31.44,31.89,31.21,31.33,30.99,31.77,32.34,31.21,31.89
3850262,31.21,31.44,31.89,31.21,31.44,30.99,31.77,32.34,31.21,31.89
3852048,31.21,31.44,31.89,31.33,31.44,30.99,31.77,32.34,31.21,31.89
3853834,31.21,31.44,31.89,31.21,31.44,30.99,31.77,32.34,31.21,31.89
3855620,31.21,31.44,31.89,31.33,31.33,30.99,31.77,32.34,31.21,31.89
3857406,31.21,31.55,31.89,31.33,31.33,30.99,31.77,32.45,31.21,31.89
3859192,31.21,31.44,31.89,31.33,31.44,30.99,31.77,32.34,31.21,31.89
3860978,31.21,31.44,31.89,31.33,31.44,30.99,31.77,32.34,31.21,31.89
3862764,31.10,31.55,31.89,31.33,31.44,30.99,31.77,32.45,31.21,31.89
3864550,31.21,31.55,31.89,31.21,31.33,30.99,31.89,32.34,31.21,31.89
3866336,31.21,31.44,31.89,31.21,31.44,30.99,31.77,32.34,31.21,31.89
3868122,31.21,31.55,31.89,31.21,31.44,30.99,31.77,32.45,31.21,31.89
3869908,31.21,31.44,31.89,31.33,31.44,30.99,31.77,32.34,31.21,31.89
3871694,31.21,31.44,31.89,31.33,31.44,30.99,31.77,32.34,31.21,31.89
3873480,31.21,31.55,31.89,31.33,31.44,30.99,31.77,32.45,31.21,31.89
3875266,31.21,31.55,31.89,31.33,31.44,30.99,31.89,32.34,31.21,31.89
3877052,31.21,31.44,31.89,31.33,31.44,30.99,31.77,32.45,31.21,31.89
3878838,31.21,31.44,31.89,31.33,31.44,30.99,31.77,32.34,31.21,31.89
3880624,31.21,31.55,31.89,31.33,31.44,30.99,31.89,32.45,31.21,31.89
3882410,31.21,31.44,31.89,31.33,31.44,30.99,31.77,32.45,31.21,31.89
3884196,31.21,31.44,31.89,31.33,31.44,30.99,31.77,32.34,31.21,31.89
3885982,31.21,31.44,31.89,31.33,31.44,30.99,31.89,32.34,31.21,31.89
3887768,31.21,31.55,31.89,31.33,31.44,30.99,31.77,32.34,31.21,31.89
3889554,31.21,31.44,31.89,31.33,31.44,30.99,31.77,32.45,31.21,31.89
3891340,31.21,31.44,31.89,31.33,31.44,30.99,31.89,32.34,31.21,31.89
3893126,31.21,31.44,32.00,31.33,31.44,30.99,31.77,32.34,31.21,31.89
3894912,31.21,31.44,31.89,31.21,31.44,30.99,31.77,32.34,31.21,31.89
3896698,31.21,31.44,31.89,31.33,31.44,30.99,31.77,32.45,31.33,31.89
3898484,31.21,31.44,31.89,31.33,31.44,30.99,31.77,32.45,31.21,31.89
3900270,31.21,31.44,31.89,31.33,31.44,30.99,31.77,32.45,31.21,31.89
3902056,31.21,31.44,31.89,31.33,31.44,30.99,31.89,32.34,31.21,31.89
3903842,31.21,31.44,31.89,31.21,31.44,30.99,31.77,32.34,31.21,31.89
3905628,31.21,31.55,31.89,31.21,31.44,31.10,31.77,32.45,31.21,31.89
3907414,31.21,31.44,31.89,31.33,31.44,30.99,31.77,32.45,31.21,31.89
3909200,31.21,31.44,31.89,31.33,31.44,30.99,31.77,32.34,31.21,31.89
3910986,31.21,31.44,31.89,31.33,31.44,30.99,31.77,32.45,31.21,31.89
3912772,31.21,31.55,31.89,31.33,31.44,30.99,31.89,32.34,31.21,31.89
3914558,31.21,31.44,31.89,31.33,31.44,30.99,31.77,32.34,31.21,31.89
3916344,31.21,31.55,31.89,31.33,31.44,30.99,31.89,32.45,31.21,31.89
3918130,31.21,31.55,31.89,31.33,31.44,30.99,31.77,32.45,31.21,31.89
3919916,31.21,31.44,32.00,31.21,31.44,30.99,31.77,32.45,31.21,31.89
3921702,31.21,31.55,31.89,31.33,31.44,30.99,31.77,32.34,31.21,31.89
3923488,31.21,31.44,31.89,31.21,31.44,30.99,31.77,32.45,31.21,31.89
3925274,31.21,31.44,31.89,31.33,31.44,30.99,31.77,32.34,31.21,31.89
3927060,31.21,31.44,31.89,31.33,31.44,30.99,31.77,32.45,31.21,31.77
3928846,31.21,31.44,31.89,31.33,31.44,30.99,31.89,32.45,31.21,31.89
3930632,31.10,31.55,31.89,31.33,31.44,30.99,31.77,32.45,31.21,31.89
3932418,31.21,31.44,31.89,31.33,31.44,30.99,31.77,32.45,31.33,31.89
3934204,31.21,31.44,31.89,31.33,31.44,30.99,31.77,32.45,31.21,31.89
3935990,31.21,31.44,31.89,31.21,31.44,30.99,31.77,32.45,31.21,31.89
3937776,31.21,31.44,31.89,31.33,31.44,30.99,31.77,32.34,31.21,31.89
3939562,31.21,31.44,31.89,31.33,31.44,30.99,31.77,32.34,31.21,31.89
3941348,31.21,31.55,31.89,31.21,31.44,30.99,31.77,32.45,31.21,31.89
3943134,31.21,31.44,31.89,31.33,31.44,30.99,31.89,32.45,31.21,31.89
3944920,31.21,31.44,31.89,31.33,31.44,30.99,31.77,32.34,31.21,31.89
3946706,31.21,31.44,31.89,31.21,31.44,30.99,31.89,32.45,31.21,31.89
3948492,31.21,31.44,31.89,31.33,31.44,30.99,31.77,32.45,31.21,31.89
3950278,31.21,31.44,31.89,31.33,31.44,30.99,31.77,32.34,31.21,31.89
3952064,31.21,31.44,31.89,31.33,31.44,30.99,31.77,32.45,31.21,31.89
3953850,31.21,31.44,31.89,31.33,31.44,30.99,31.77,32.45,31.21,31.89
3955636,31.21,31.44,31.89,31.21,31.33,30.99,31.89,32.34,31.21,31.89
3957422,31.21,31.44,31.89,31.33,31.44,30.99,31.77,32.45,31.21,31.89
3959208,31.21,31.44,31.89,31.33,31.44,30.99,31.77,32.34,31.21,31.89
3960994,31.21,31.44,31.89,31.33,31.44,30.99,31.77,32.34,31.21,31.89
3962780,31.21,31.55,31.89,31.33,31.44,30.99,31.89,32.45,31.21,31.89
3964566,31.21,31.55,31.89,31.21,31.44,30.99,31.77,32.34,31.33,31.89
3966352,31.21,31.55,31.89,31.21,31.44,30.99,31.77,32.45,31.21,31.89
